{
    "snackslist":[
        {
            "id":1,
            "item_name":"Festive Combo",
            "item_img":"../ASSETS/snack-1.avif",
            "item_content":"Buy 2 Large Nachos140g + Get Coke 450ml Free",
            "item_price":"₹336"
        },
        {
            "id":2,
            "item_name":"Regular Popcorn",
            "item_img":"../ASSETS/snack-2.avif",
            "item_content":"Regular popcorn 45g Cheese/Caramel/Salted",
            "item_price":"₹122.85"
        },
        {
            "id":3,
            "item_name":"Tub Popcorn",
            "item_img":"../ASSETS/snack-3.avif",
            "item_content":"Tub Popcorn 90g Cheese/Caramel/Salted",
            "item_price":"₹226.80"
        },
        {
            "id":4,
            "item_name":"Big Saver Combo",
            "item_img":"../ASSETS/snack-4.avif",
            "item_content":"Buy 2 Tub popcorn 90g & Get 2 Coke 450ml Free",
            "item_price":"₹504"
        },
        {
            "id":5,
            "item_name":"Fries Combo",
            "item_img":"../ASSETS/snack-5.avif",
            "item_content":"Buy 2 French Fries & Get Coke 450 ml Free",
            "item_price":"₹336"
        },
        {
            "id":6,
            "item_name":"Nachos Combo",
            "item_img":"../ASSETS/snack-6.avif",
            "item_content":"Large Nachos 140g + Coke 450ml",
            "item_price":"₹274.05"
        }
    ]
}
